{
   "es": {
    "msg1": "Verifica que la contraseña sea la misma, o este bien escrita",
    "msg2": "El usuario existe",
    "msg3": "Un nuevo usuario se ha agregado a la base de datos",
    "msg4": "Hubo un error al agregar el usuario a la base de datos, revisa tu configuración",
    "msg5": "'Estas intercambiando'+args[0]+'la cantidad de: '+Value+', con un valor total de: $R'+Total",
    "msg6": "Si estas de acuerdo, escribe /yes para completar la transacción",
    "msg7": "¡Transacción completada con exito! :)",
    "msg8": "¡No tienes los fondos suficientes para esta transacción!",
    "msg9": "¡La transacción fue borrada!",
    "msg10": "Al parecer hay problemas de conexión con la base de datos, intenta de nuevo más tarde",
    "msg11": "Sintaxis mala, recuerda /exchange nombre cantidad",
    "msg12": "¡No tienes ninguna transacción pendiente!",
    "msg13": "response[i][\"name\"]+' con '+response[i][\"points\"]+' Puntos'",
    "msg14": "response[0][\"points\"]+' Puntos, '+response[0][\"killings\"]+' Asesinatos, '+response[0][\"deaths\"]+' Muertes y '+response[0][\"suicides\"]+' Suicidios'",
    "msg15": "'$R'+response[0][\"money\"]",
    "msg16": "'Has asesinado a un animal, ganas $R'+this.Config.Money['KillingAnimal']",
    "msg17": "'¡Has perdido '+this.Config.Points['PlayerSuicide']+' puntos por haberte suicidado!'",
    "msg18": "'¡Has perdido $R'+this.Config.Money['Respawn']+ 'por haberte suicidado!'",
    "msg19": "'Has perdido '+this.Config.Points['PlayerDeathEnvironment']+' puntos por haber muerto por una causa natural'",
    "msg20": "'¡Has perdido $R'+this.Config.Money['respawn']+' por haberte suicidado!'",
    "msg21": "'Has ganado '+this.Config.Points['PlayerKillerPoint']+' puntos por haber asesinado a '+killed",
    "msg22": "killed+' Ha perdido '+this.Config.Points['PlayerDeathPoint']+' puntos mientras dormía, asesinado por '+killer",
    "msg23": "'Has perdido '+this.Config.Points['PlayerDeathPoint']+' puntos por haber sido asesinado por '+killer",
    "msg31": ""

  },
   "en": {
    "msg1": "Check that the password is the same, or this well written",
    "msg2": "The user exists",
    "msg3": "A new user has been added to the database",
    "msg4": "There was an error adding the user to the database, check your settings",
    "msg5": "'You are exchanging '+args[0]+' the amount of: '+Value+', with a total price: $R'",
    "msg6": "If you agree, write /yes to complete the transaction",
    "msg7": "Transaction completed successfully! :)",
    "msg8": "You do not have sufficient funds for this transaction!",
    "msg9": "The transaction was deleted!",
    "msg10": "Apparently there are problems connecting to the database, please try again later",
    "msg11": "Bad syntax, remember /exchange name amount",
    "msg12": "You don't have any pending transactions!",
    "msg13": "response[i][\"name\"]+' with '+response[i][\"points\"]+' Points'",
    "msg14": "response[0][\"points\"]+' Points, '+response[0][\"killings\"]+' Killings, '+response[0][\"deaths\"]+' Deaths y '+response[0][\"suicides\"]+' Suicides'",
    "msg15": "'$R'+response[0][\"money\"]",
    "msg16": "'Have you killed an animal, you win $R'+this.Config.Money['KillingAnimal']",
    "msg17": "'You've lost '+this.Config.Points['PlayerSuicide']+' points by committing suicide!'",
    "msg18": "'You've lost $R'+this.Config.Money['Respawn']+ 'by committing suicide!'",
    "msg19": "'You've lost '+this.Config.Points['PlayerDeathEnvironment']+' points by having died from natural causes'",
    "msg20": "'You've lost $R'+this.Config.Money['respawn']+' by having committed suicide!'",
    "msg21": "'You won '+this.Config.Points['PlayerKillerPoint']+' points for killing '+killed",
    "msg22": "killed+' has lost '+this.Config.Points['PlayerDeathPoint']+' points while sleeping, killed by '+killer",
    "msg23": "'You've lost '+this.Config.Points['PlayerDeathPoint']+' points for being killed by '+killer",
    "msg31": ""
  }
}